Date,Buy Exchange,Sell Exchange,Buy Price,Sell Price,Spread (%),Profit (USDT),ROI (%)
2025-03-01 16:51:37,kucoin,binance,20.607,21.435,4.018052118212255,39.29789999999997,3.814034066094043
2025-03-01 17:04:21,kucoin,binance,20.58,21.41,4.033041788143838,39.40050000000009,3.8290087463556945
2025-03-01 17:04:21,kucoin,binance,20.58,21.41,39.40050000000009,3.8290087463556945
2025-03-01 17:05:41,kucoin,binance,20.56,21.493,4.5379377431906605,44.547349999999994,4.3333998054474705
2025-03-01 17:05:41,kucoin,binance,20.56,21.493,44.547349999999994,4.3333998054474705
2025-03-01 17:06:01,gateio,binance,20.562,21.499,4.556949713062919,43.71884999999988,4.252392763349857
2025-03-01 17:06:01,gateio,binance,20.562,21.499,43.71884999999988,4.252392763349857
2025-03-01 17:06:26,binance,kucoin,20.533,21.478,4.602347440705207,45.149450000000016,4.397745093264502
2025-03-01 17:06:26,binance,kucoin,20.533,21.478,45.149450000000016,4.397745093264502
2025-03-01 17:07:11,gateio,binance,20.602,21.487,4.295699446655655,41.1154499999999,3.991403747209
2025-03-01 17:07:11,gateio,binance,20.602,21.487,41.1154499999999,3.991403747209
2025-03-01 17:08:27,binance,gateio,20.575,21.438,4.19441069258809,39.977449999999976,3.8860218712029138
2025-03-01 17:09:57,binance,gateio,20.518,21.437,4.478994054001366,42.78040000000002,4.170036065893363
2025-03-01 17:09:57,binance,gateio,20.518,21.437,42.78040000000002,4.170036065893363
2025-03-01 17:10:57,gateio,binance,20.589,21.413,4.002137063480507,38.07045000000008,3.698134926417027
2025-03-01 17:10:57,gateio,binance,20.589,21.413,38.07045000000008,3.698134926417027
2025-03-01 17:11:02,kucoin,binance,20.532,21.445,4.446717319306449,43.551150000000014,4.242270601987143
2025-03-01 17:11:42,kucoin,binance,20.589,21.445,4.157559862062275,40.69830000000008,3.9534023022002125
2025-03-01 17:11:42,kucoin,binance,20.589,21.445,40.69830000000008,3.9534023022002125
2025-03-01 17:12:37,gateio,binance,20.518,21.348,4.045228579783596,38.380799999999915,3.7411833512038126
2025-03-01 17:12:37,gateio,binance,20.518,21.348,38.380799999999915,3.7411833512038126
2025-03-01 17:13:07,gateio,binance,20.516,21.469,4.645155000974864,44.524950000000146,4.340509845973888
2025-03-01 17:13:07,gateio,binance,20.516,21.469,44.524950000000146,4.340509845973888
2025-03-01 17:13:57,binance,kucoin,20.615,21.469,4.14261460101869,40.59580000000014,3.938471986417671
2025-03-01 17:17:12,kucoin,gateio,20.556,21.48,4.4950379451255085,43.02419999999997,4.186047869235257
2025-03-01 17:17:12,kucoin,gateio,20.556,21.48,43.02419999999997,4.186047869235257
2025-03-01 17:18:07,binance,kucoin,20.539,21.396,4.17254978333901,40.753249999999966,3.9683772335556715
2025-03-01 17:18:07,binance,kucoin,20.539,21.396,40.753249999999966,3.9683772335556715
2025-03-01 17:20:07,binance,kucoin,20.577,21.469,4.334937065655827,42.49769999999997,4.13060212859017
2025-03-01 17:20:32,binance,kucoin,20.57,21.4,4.035002430724347,39.40149999999991,3.830967428293623
2025-03-01 17:20:32,binance,kucoin,20.57,21.4,39.40149999999991,3.830967428293623
2025-03-01 17:21:32,gateio,binance,20.556,21.425,4.227476162677562,40.32314999999999,3.923248686514885
2025-03-01 17:21:32,gateio,binance,20.556,21.425,40.32314999999999,3.923248686514885
2025-03-01 17:21:52,binance,gateio,20.572,21.478,4.404044332101897,42.12360000000012,4.095236243437695
2025-03-01 17:21:52,binance,gateio,20.572,21.478,42.12360000000012,4.095236243437695
2025-03-01 17:22:32,gateio,binance,20.529,21.416,4.320717034439089,41.22630000000002,4.016396317404649
2025-03-01 17:22:32,gateio,binance,20.529,21.416,41.22630000000002,4.016396317404649
2025-03-01 17:25:27,gateio,kucoin,20.535,21.369,4.061358655953249,38.57804999999998,3.7572972972972956
2025-03-01 17:25:27,gateio,kucoin,20.535,21.369,38.57804999999998,3.7572972972972956
2025-03-01 17:26:57,binance,gateio,20.519,21.362,4.108387348311322,38.98785,3.8001705736146993
2025-03-01 17:27:37,kucoin,gateio,20.551,21.417,4.21390686584596,40.13075000000016,3.905479052114268
2025-03-01 17:27:37,kucoin,gateio,20.551,21.417,40.13075000000016,3.905479052114268
2025-03-01 17:28:07,gateio,kucoin,20.532,21.404,4.247029027858951,40.47659999999999,3.942781998831092
2025-03-01 17:28:07,gateio,kucoin,20.532,21.404,40.47659999999999,3.942781998831092
2025-03-01 17:29:48,kucoin,binance,20.629,21.457,4.013767027000821,39.29569999999997,3.80975325997382
2025-03-01 17:29:48,kucoin,binance,20.629,21.457,39.29569999999997,3.80975325997382
2025-03-01 17:30:13,binance,gateio,20.544,21.424,4.283489096573204,40.83039999999995,3.974922118380057
2025-03-01 17:30:13,binance,gateio,20.544,21.424,40.83039999999995,3.974922118380057
2025-03-01 17:31:23,kucoin,binance,20.593,21.432,4.074199970863879,39.84874999999993,3.8701257708930146
2025-03-01 17:32:43,gateio,kucoin,20.538,21.411,4.250657318141986,40.525650000000056,3.9464066608238437
2025-03-01 17:32:43,gateio,kucoin,20.538,21.411,40.525650000000056,3.9464066608238437
2025-03-01 17:33:53,binance,gateio,20.538,21.415,4.2701334112377,40.681599999999946,3.961593144415225
2025-03-01 17:33:53,binance,gateio,20.538,21.415,40.681599999999946,3.961593144415225
2025-03-01 17:34:08,binance,gateio,20.622,21.47,4.112113277082722,39.22189999999995,3.8038890505285567
2025-03-01 17:34:08,binance,gateio,20.622,21.47,39.22189999999995,3.8038890505285567
2025-03-01 17:34:13,gateio,kucoin,20.557,21.386,4.032689594785235,38.32500000000003,3.7286569051904492
2025-03-01 17:34:13,gateio,kucoin,20.557,21.386,38.32500000000003,3.7286569051904492
2025-03-01 17:34:48,binance,gateio,20.593,21.441,4.117904142184233,39.22624999999995,3.809668333899864
2025-03-01 17:34:48,binance,gateio,20.593,21.441,39.22624999999995,3.809668333899864
2025-03-01 17:35:23,binance,kucoin,20.624,21.466,4.082622187742448,39.99550000000011,3.878539565554704
2025-03-01 17:35:53,kucoin,gateio,20.545,21.408,4.2005354100754415,39.981949999999976,3.892134339255291
2025-03-01 17:35:53,kucoin,gateio,20.545,21.408,39.981949999999976,3.892134339255291
2025-03-01 17:36:03,gateio,kucoin,20.523,21.48,4.663060956000589,44.723700000000036,4.358397895044587
2025-03-01 17:37:43,kucoin,binance,20.561,21.489,4.513399153737662,44.29750000000004,4.308885754583925
2025-03-01 17:37:43,kucoin,binance,20.561,21.489,44.29750000000004,4.308885754583925
2025-03-01 17:38:43,gateio,binance,20.531,21.457,4.510252788466231,43.17405000000009,4.205742535677765
2025-03-01 17:39:33,kucoin,gateio,20.608,21.448,4.076086956521738,38.824799999999996,3.767934782608695
2025-03-01 17:39:33,kucoin,gateio,20.608,21.448,38.824799999999996,3.767934782608695
2025-03-01 17:40:03,binance,gateio,20.597,21.449,4.136524736612129,39.42525000000001,3.8282516871389047
2025-03-01 17:40:03,binance,gateio,20.597,21.449,39.42525000000001,3.8282516871389047
2025-03-01 17:41:53,binance,kucoin,20.592,21.449,4.161810411810426,40.747950000000145,3.957648601398616
2025-03-01 17:42:03,kucoin,binance,20.58,21.496,4.450923226433432,43.69620000000002,4.246472303206999
2025-03-01 17:42:03,kucoin,binance,20.58,21.496,43.69620000000002,4.246472303206999
2025-03-01 17:42:48,binance,gateio,20.654,21.498,4.0863755204803,39.01750000000006,3.77820276943934
2025-03-01 17:42:48,binance,gateio,20.654,21.498,39.01750000000006,3.77820276943934
2025-03-01 17:43:43,gateio,binance,20.524,21.447,4.497174040148111,43.025249999999915,4.192676866107963
2025-03-01 17:43:43,gateio,binance,20.524,21.447,43.025249999999915,4.192676866107963
2025-03-01 17:44:13,binance,gateio,20.556,21.452,4.358824674061105,41.62700000000004,4.050107024712983
2025-03-01 17:44:13,binance,gateio,20.556,21.452,41.62700000000004,4.050107024712983
2025-03-01 17:44:23,kucoin,binance,20.573,21.449,4.258008068828081,41.69890000000006,4.053750060759253
2025-03-01 17:44:23,kucoin,binance,20.573,21.449,41.69890000000006,4.053750060759253
2025-03-01 17:44:33,binance,gateio,20.557,21.415,4.173760762757214,39.730650000000026,3.8654132412317
2025-03-01 17:44:33,binance,gateio,20.557,21.415,39.730650000000026,3.8654132412317
2025-03-01 17:45:13,gateio,kucoin,20.553,21.39,4.072398190045248,38.72519999999999,3.768325791855202
2025-03-01 17:45:13,gateio,kucoin,20.553,21.39,38.72519999999999,3.768325791855202
2025-03-01 17:45:18,gateio,kucoin,20.503,21.457,4.652977613032242,44.57685000000003,4.3483246354192095
2025-03-01 17:45:18,gateio,kucoin,20.503,21.457,44.57685000000003,4.3483246354192095
2025-03-01 17:46:18,binance,gateio,20.53,21.496,4.705309303458342,45.12389999999988,4.395898684851425
2025-03-01 17:46:18,binance,gateio,20.53,21.496,45.12389999999988,4.395898684851425
2025-03-01 17:46:23,kucoin,gateio,20.557,21.464,4.412122391399524,42.17575,4.103298146616725
2025-03-01 17:46:23,kucoin,gateio,20.557,21.464,42.17575,4.103298146616725
2025-03-01 17:49:43,kucoin,binance,20.578,21.491,4.436777140635631,43.54655000000001,4.2323403634949965
2025-03-01 17:51:34,binance,kucoin,20.665,21.492,4.001935639970974,39.24215000000009,3.7979337043310033
2025-03-01 17:52:14,binance,kucoin,20.522,21.358,4.073677029529296,39.7060000000001,3.869603352499767
2025-03-01 17:52:14,binance,kucoin,20.522,21.358,39.7060000000001,3.869603352499767
2025-03-01 17:54:34,gateio,kucoin,20.523,21.415,4.346343127223113,41.476949999999974,4.04199678409589
2025-03-01 17:54:34,gateio,kucoin,20.523,21.415,41.476949999999974,4.04199678409589
2025-03-01 17:55:29,binance,gateio,20.515,21.457,4.59176212527419,43.92855000000001,4.282578601023642
2025-03-01 17:55:29,binance,gateio,20.515,21.457,43.92855000000001,4.282578601023642
2025-03-01 17:55:39,binance,gateio,20.628,21.485,4.154547217374439,39.67009999999996,3.8462381229396896
2025-03-01 17:56:24,gateio,binance,20.532,21.484,4.6366647184882215,44.472600000000085,4.332028053769734
2025-03-01 17:56:24,gateio,binance,20.532,21.484,44.472600000000085,4.332028053769734
2025-03-01 17:56:54,binance,kucoin,20.519,21.444,4.508016959890837,44.15185000000004,4.3035089429309465
2025-03-01 17:58:09,kucoin,binance,20.558,21.381,4.003307714758247,39.05305000000002,3.7993044070434885
2025-03-01 17:58:09,kucoin,binance,20.558,21.381,39.05305000000002,3.7993044070434885
2025-03-01 17:59:24,gateio,binance,20.627,21.468,4.077180394628406,38.913900000000055,3.7731032142337773
2025-03-01 17:59:24,gateio,binance,20.627,21.468,38.913900000000055,3.7731032142337773
2025-03-01 17:59:34,binance,gateio,20.595,21.429,4.049526584122358,38.527349999999984,3.7414275309541134
2025-03-01 17:59:54,gateio,kucoin,20.526,21.367,4.097242521679826,38.92905000000005,3.7931452791581464
2025-03-01 17:59:54,gateio,kucoin,20.526,21.367,38.92905000000005,3.7931452791581464
2025-03-01 18:00:29,binance,gateio,20.589,21.468,4.269269998542918,40.773750000000064,3.9607314585458324
2025-03-01 18:00:29,binance,gateio,20.589,21.468,40.773750000000064,3.9607314585458324
2025-03-01 18:02:49,gateio,kucoin,20.63,21.493,4.183228308288898,40.01234999999998,3.8790450799806084
2025-03-01 18:02:49,gateio,kucoin,20.63,21.493,40.01234999999998,3.8790450799806084
2025-03-01 18:03:19,gateio,binance,20.501,21.441,4.585142188185931,43.87784999999989,4.280557045997745
2025-03-01 18:04:39,binance,kucoin,20.517,21.357,4.094165813715455,39.906299999999995,3.8900716479017396
2025-03-01 18:04:39,binance,kucoin,20.517,21.357,39.906299999999995,3.8900716479017396
2025-03-01 18:05:29,kucoin,binance,20.533,21.425,4.344226367311155,42.50209999999997,4.139882140943843
2025-03-01 18:05:29,kucoin,binance,20.533,21.425,42.50209999999997,4.139882140943843
2025-03-01 18:05:59,gateio,kucoin,20.525,21.428,4.399512789281376,42.02610000000011,4.095113276492094
2025-03-01 18:05:59,gateio,kucoin,20.525,21.428,42.02610000000011,4.095113276492094
2025-03-01 18:06:39,binance,gateio,20.604,21.447,4.091438555620268,38.9751,3.7832556785090268
2025-03-01 18:06:39,binance,gateio,20.604,21.447,38.9751,3.7832556785090268
2025-03-01 18:07:04,binance,kucoin,20.577,21.48,4.388394809739022,43.04714999999993,4.184006414929282
2025-03-01 18:08:19,kucoin,binance,20.596,21.476,4.272674305690421,41.89639999999995,4.068401631384731
2025-03-01 18:08:19,kucoin,binance,20.596,21.476,41.89639999999995,4.068401631384731
2025-03-01 18:08:54,binance,gateio,20.542,21.433,4.337454970304733,41.37959999999991,4.028780060364123
2025-03-01 18:08:54,binance,gateio,20.542,21.433,41.37959999999991,4.028780060364123
2025-03-01 18:09:45,kucoin,gateio,20.555,21.408,4.149841887618591,39.48145000000008,3.841542203843355
2025-03-01 18:09:45,kucoin,gateio,20.555,21.408,39.48145000000008,3.841542203843355
2025-03-01 18:11:35,gateio,binance,20.602,21.45,4.1161052325016945,39.26729999999995,3.8119891272691926
2025-03-01 18:11:35,gateio,binance,20.602,21.45,39.26729999999995,3.8119891272691926
2025-03-01 18:11:40,kucoin,binance,20.53,21.352,4.003896736483191,39.00589999999996,3.799892839746708
2025-03-01 18:11:40,kucoin,binance,20.53,21.352,39.00589999999996,3.799892839746708
2025-03-01 18:15:30,binance,gateio,20.629,21.483,4.139803189684421,39.52024999999996,3.831523583305052
2025-03-01 18:15:30,binance,gateio,20.629,21.483,39.52024999999996,3.831523583305052
2025-03-01 18:16:45,binance,gateio,20.653,21.487,4.03815426330315,38.51864999999998,3.730077954776544
2025-03-01 18:16:45,binance,gateio,20.653,21.487,38.51864999999998,3.730077954776544
2025-03-01 18:18:20,binance,kucoin,20.556,21.452,4.358824674061105,42.69960000000004,4.154465849387044
2025-03-01 18:18:20,binance,kucoin,20.556,21.452,42.69960000000004,4.154465849387044
2025-03-01 18:20:35,binance,gateio,20.523,21.402,4.282999561467628,40.783650000000065,3.9744335623446925
2025-03-01 18:21:30,kucoin,binance,20.597,21.424,4.01514783706364,39.24894999999991,3.811132689226577
2025-03-01 18:21:30,kucoin,binance,20.597,21.424,39.24894999999991,3.811132689226577
2025-03-01 18:22:05,kucoin,gateio,20.545,21.395,4.13725967388658,39.33324999999989,3.828985154538807
2025-03-01 18:22:05,kucoin,gateio,20.545,21.395,39.33324999999989,3.828985154538807
2025-03-01 18:23:20,binance,kucoin,20.575,21.42,4.106925880923463,40.15025000000012,3.902818955042539
2025-03-01 18:23:20,binance,kucoin,20.575,21.42,40.15025000000012,3.902818955042539
2025-03-01 18:24:00,kucoin,gateio,20.532,21.36,4.0327293980128545,38.23739999999997,3.7246639392168297
2025-03-01 18:24:00,kucoin,gateio,20.532,21.36,38.23739999999997,3.7246639392168297
2025-03-01 18:24:35,gateio,kucoin,20.545,21.436,4.336821611097582,41.42369999999991,4.032484789486484
2025-03-01 18:26:06,kucoin,binance,20.522,21.469,4.614559984406991,45.250450000000136,4.409945424422585
2025-03-01 18:26:06,kucoin,binance,20.522,21.469,45.250450000000136,4.409945424422585
2025-03-01 18:26:26,gateio,kucoin,20.533,21.448,4.4562411727463065,42.624299999999955,4.15178493157356
2025-03-01 18:26:26,gateio,kucoin,20.533,21.448,42.624299999999955,4.15178493157356
2025-03-01 18:26:36,binance,kucoin,20.539,21.416,4.269925507570957,41.75224999999995,4.065655582063386
2025-03-01 18:26:36,binance,kucoin,20.539,21.416,41.75224999999995,4.065655582063386
2025-03-01 18:28:41,kucoin,gateio,20.644,21.49,4.09804301491959,39.11880000000001,3.7898469288897516
2025-03-01 18:28:51,kucoin,binance,20.616,21.45,4.045401629802094,39.596699999999984,3.841356228172292
2025-03-01 18:29:26,gateio,kucoin,20.527,21.386,4.184732303794993,39.82799999999991,3.8805475714911974
2025-03-01 18:29:26,gateio,kucoin,20.527,21.386,39.82799999999991,3.8805475714911974
2025-03-01 18:53:19,gateio,kucoin,20.514,21.49,4.757726430730229,48.799999999999955,3.1259,45.67409999999995,4.452968704299498
2025-03-01 18:58:20,kucoin,gateio,20.567,21.499,4.531531093499288,46.59999999999993,3.1782500000000002,43.42174999999993,4.222468031312291
2025-03-01 19:05:18,kucoin,binance,20.531,21.486,4.651502605815605,47.75000000000009,2.1008500000000003,45.64915000000009,4.44685110320979
2025-03-01 19:10:01,gateio,binance,20.509,21.363,4.164025549758638,42.69999999999996,3.11905,39.58094999999996,3.8598615242088794
2025-03-01 19:10:01,gateio,binance,20.509,21.363,4.164025549758638,42.69999999999996,3.11905,39.58094999999996,3.8598615242088794
2025-03-01 19:10:41,gateio,kucoin,20.517,21.463,4.610810547350985,47.300000000000075,3.12485,44.17515000000007,4.3061997368036335
2025-03-01 19:10:41,gateio,kucoin,20.517,21.463,4.610810547350985,47.300000000000075,3.12485,44.17515000000007,4.3061997368036335
2025-03-01 19:10:51,gateio,kucoin,20.622,21.499,4.252739792454655,43.849999999999945,3.13715,40.712849999999946,3.948487052662201
2025-03-01 19:11:41,binance,gateio,20.525,21.465,4.57978075517662,47.000000000000064,3.17275,43.82725000000006,4.270621193666266
2025-03-01 19:11:41,binance,gateio,20.525,21.465,4.57978075517662,47.000000000000064,3.17275,43.82725000000006,4.270621193666266
2025-03-01 19:13:11,kucoin,gateio,20.519,21.39,4.24484624007019,43.55000000000011,3.16495,40.38505000000011,3.93635654759005
2025-03-01 19:13:11,kucoin,gateio,20.519,21.39,4.24484624007019,43.55000000000011,3.16495,40.38505000000011,3.93635654759005
2025-03-01 19:14:01,binance,kucoin,20.501,21.341,4.097361104336373,41.99999999999999,2.0921000000000003,39.90789999999999,3.8932637432320365
2025-03-01 19:14:01,binance,kucoin,20.501,21.341,4.097361104336373,41.99999999999999,2.0921000000000003,39.90789999999999,3.8932637432320365
2025-03-01 19:16:36,kucoin,gateio,20.564,21.493,4.5176035790702125,46.449999999999925,3.1774999999999998,43.27249999999992,4.208568371912072
2025-03-01 19:16:36,kucoin,gateio,20.564,21.493,4.5176035790702125,46.449999999999925,3.1774999999999998,43.27249999999992,4.208568371912072
2025-03-01 19:17:36,kucoin,binance,20.505,21.466,4.686661789807375,48.050000000000104,2.09855,45.9514500000001,4.481975128017567
2025-03-01 19:18:06,kucoin,binance,20.5,21.496,4.858536585365847,49.79999999999993,2.0998,47.70019999999993,4.653678048780481
2025-03-01 19:18:06,kucoin,binance,20.5,21.496,4.858536585365847,49.79999999999993,2.0998,47.70019999999993,4.653678048780481
2025-03-01 19:19:01,kucoin,gateio,20.652,21.496,4.0867712570211,42.19999999999988,3.1822,39.01779999999988,3.778597714507057
2025-03-01 19:19:01,kucoin,gateio,20.652,21.496,4.0867712570211,42.19999999999988,3.1822,39.01779999999988,3.778597714507057
2025-03-01 19:21:01,kucoin,binance,20.65,21.49,4.067796610169491,41.99999999999999,2.107,39.892999999999994,3.8637288135593217
2025-03-01 19:21:01,kucoin,binance,20.65,21.49,4.067796610169491,41.99999999999999,2.107,39.892999999999994,3.8637288135593217
2025-03-01 19:22:01,gateio,kucoin,20.516,21.405,4.333203353480225,44.450000000000145,3.1218500000000002,41.32815000000014,4.028870150126744
2025-03-01 19:22:01,gateio,kucoin,20.516,21.405,4.333203353480225,44.450000000000145,3.1218500000000002,41.32815000000014,4.028870150126744
2025-03-01 19:23:21,kucoin,gateio,20.634,21.477,4.085489968013958,42.15,3.1794000000000002,38.9706,3.7773189880779294
2025-03-01 19:23:21,kucoin,gateio,20.634,21.477,4.085489968013958,42.15,3.1794000000000002,38.9706,3.7773189880779294
2025-03-01 19:24:26,binance,gateio,20.585,21.446,4.182657274714601,43.05000000000003,3.1738500000000007,39.87615000000003,3.8742919601651717
2025-03-01 19:24:26,binance,gateio,20.585,21.446,4.182657274714601,43.05000000000003,3.1738500000000007,39.87615000000003,3.8742919601651717
2025-03-01 19:26:06,gateio,binance,20.542,21.465,4.493233375523309,46.14999999999991,3.1274500000000005,43.02254999999991,4.188740142147786
2025-03-01 19:29:07,gateio,kucoin,20.598,21.451,4.141178755218961,42.65000000000008,3.1323499999999997,39.517650000000074,3.837037576463742
2025-03-01 19:29:37,gateio,binance,20.519,21.424,4.410546322920226,45.25000000000006,3.1231,42.126900000000056,4.1061357765973066
2025-03-01 19:29:37,gateio,binance,20.519,21.424,4.410546322920226,45.25000000000006,3.1231,42.126900000000056,4.1061357765973066
2025-03-01 19:31:27,binance,gateio,20.535,21.397,4.197711224738244,43.099999999999916,3.16645,39.93354999999992,3.8893158022887677
2025-03-01 19:31:27,binance,gateio,20.535,21.397,4.197711224738244,43.099999999999916,3.16645,39.93354999999992,3.8893158022887677
2025-03-01 19:32:12,gateio,binance,20.533,21.404,4.241951979739924,43.54999999999993,3.1235,40.42649999999993,3.9377100277601844
2025-03-01 19:32:12,gateio,binance,20.533,21.404,4.241951979739924,43.54999999999993,3.1235,40.42649999999993,3.9377100277601844
2025-03-01 19:33:52,kucoin,binance,20.502,21.46,4.672714857087124,47.9000000000001,2.0980999999999996,45.801900000000096,4.468042142230036
2025-03-01 19:34:07,gateio,binance,20.59,21.432,4.089363768819809,42.09999999999994,3.1306000000000003,38.969399999999936,3.7852744050509894
2025-03-01 19:34:32,binance,gateio,20.525,21.483,4.667478684531069,47.9000000000001,3.1745500000000004,44.725450000000095,4.358143727162007
2025-03-01 19:35:52,gateio,binance,20.516,21.458,4.591538311561709,47.10000000000001,3.1245000000000003,43.97550000000001,4.286946773250148
2025-03-01 19:35:52,gateio,binance,20.516,21.458,4.591538311561709,47.10000000000001,3.1245000000000003,43.97550000000001,4.286946773250148
2025-03-01 19:38:17,gateio,kucoin,20.581,21.412,4.037704679072929,41.549999999999976,3.1287000000000003,38.421299999999974,3.7336669743938558
2025-03-01 19:38:17,gateio,kucoin,20.581,21.412,4.037704679072929,41.549999999999976,3.1287000000000003,38.421299999999974,3.7336669743938558
2025-03-01 19:39:02,kucoin,gateio,20.508,21.491,4.793251414082312,49.15000000000003,3.1744999999999997,45.975500000000025,4.483664911254148
2025-03-01 19:39:02,kucoin,gateio,20.508,21.491,4.793251414082312,49.15000000000003,3.1744999999999997,45.975500000000025,4.483664911254148
2025-03-01 19:41:07,kucoin,gateio,20.564,21.491,4.507877844777278,46.34999999999998,3.1773,43.17269999999998,4.198862089087724
2025-03-01 19:42:17,binance,kucoin,20.501,21.383,4.302229159553182,44.099999999999895,2.0942,42.005799999999894,4.097926930393629
2025-03-01 19:42:17,binance,kucoin,20.501,21.383,4.302229159553182,44.099999999999895,2.0942,42.005799999999894,4.097926930393629
2025-03-01 19:42:22,gateio,binance,20.546,21.406,4.185729582400464,42.99999999999997,3.1249,39.875099999999975,3.881543852818065
2025-03-01 19:43:02,kucoin,gateio,20.624,21.499,4.242629945694337,43.75,3.1811000000000003,40.5689,3.9341446858029476
2025-03-01 19:43:02,kucoin,gateio,20.624,21.499,4.242629945694337,43.75,3.1811000000000003,40.5689,3.9341446858029476
2025-03-01 19:44:12,kucoin,binance,20.505,21.443,4.5744940258473665,46.90000000000012,2.0974000000000004,44.80260000000012,4.369919531821519
2025-03-01 19:44:42,kucoin,gateio,20.525,21.355,4.043848964677233,41.50000000000009,3.16175,38.338250000000095,3.735761266747878
2025-03-01 19:44:42,kucoin,gateio,20.525,21.355,4.043848964677233,41.50000000000009,3.16175,38.338250000000095,3.735761266747878
2025-03-01 19:47:33,gateio,kucoin,20.522,21.376,4.161387778968925,42.70000000000014,3.121,39.579000000000136,3.857226391189956
2025-03-01 19:47:33,gateio,kucoin,20.522,21.376,4.161387778968925,42.70000000000014,3.121,39.579000000000136,3.857226391189956
2025-03-01 19:49:23,gateio,kucoin,20.508,21.409,4.393407450750925,45.05,3.12125,41.928749999999994,4.089014043300176
2025-03-01 19:51:23,binance,kucoin,20.542,21.451,4.425080323240185,45.449999999999946,2.09965,43.35034999999995,4.220655242916945
2025-03-01 19:51:23,binance,kucoin,20.542,21.451,4.425080323240185,45.449999999999946,2.09965,43.35034999999995,4.220655242916945
2025-03-01 19:52:13,binance,gateio,20.506,21.467,4.686433239051977,48.049999999999926,3.1719999999999997,44.87799999999993,4.377060372573874
2025-03-01 19:52:13,binance,gateio,20.506,21.467,4.686433239051977,48.049999999999926,3.1719999999999997,44.87799999999993,4.377060372573874
2025-03-01 19:55:03,kucoin,binance,20.577,21.443,4.20858239782281,43.29999999999998,2.1010000000000004,41.198999999999984,4.004373815424987
2025-03-01 19:55:33,kucoin,gateio,20.541,21.497,4.654106421303732,47.799999999999976,3.1767499999999997,44.62324999999998,4.344798208461125
2025-03-01 19:56:08,binance,kucoin,20.51,21.456,4.6123842028278785,47.2999999999999,2.0983,45.201699999999896,4.407771818625051
2025-03-01 19:57:13,kucoin,binance,20.598,21.439,4.0829206719099,42.050000000000054,2.1018499999999998,39.948150000000055,3.87883775123799
2025-03-01 19:57:13,kucoin,binance,20.598,21.439,4.0829206719099,42.050000000000054,2.1018499999999998,39.948150000000055,3.87883775123799
2025-03-01 19:58:33,kucoin,binance,20.504,21.416,4.447912602419035,45.59999999999995,2.096,43.50399999999995,4.243464689816616
2025-03-01 19:58:33,kucoin,binance,20.504,21.416,4.447912602419035,45.59999999999995,2.096,43.50399999999995,4.243464689816616
2025-03-01 19:59:18,kucoin,binance,20.565,21.44,4.254801847799659,43.75,2.10025,41.64975,4.05054704595186
2025-03-01 19:59:58,binance,gateio,20.505,21.357,4.155084125822972,42.600000000000016,3.1609499999999997,39.439050000000016,3.8467739575713256
2025-03-01 20:00:48,kucoin,gateio,20.545,21.484,4.5704550985641275,46.95,3.17565,43.774350000000005,4.261314188367
2025-03-01 20:00:48,kucoin,gateio,20.545,21.484,4.5704550985641275,46.95,3.17565,43.774350000000005,4.261314188367
2025-03-01 20:02:05,kucoin,gateio,20.57,21.4,4.035002430724347,41.499999999999915,3.1685,38.33149999999991,3.7269324258628984
2025-03-01 20:02:05,kucoin,gateio,20.57,21.4,4.035002430724347,41.499999999999915,3.1685,38.33149999999991,3.7269324258628984
2025-03-01 20:02:46,kucoin,gateio,20.579,21.445,4.208173380630739,43.29999999999998,3.17345,40.12654999999998,3.8997570338694763
2025-03-01 20:02:46,kucoin,gateio,20.579,21.445,4.208173380630739,43.29999999999998,3.17345,40.12654999999998,3.8997570338694763
2025-03-01 20:03:37,gateio,binance,20.537,21.446,4.426157666650448,45.450000000000124,3.1260000000000003,42.324000000000126,4.121731508983798
2025-03-01 20:04:13,kucoin,binance,20.53,21.375,4.115927910375055,42.24999999999994,2.09525,40.15474999999994,3.9118119824646804
2025-03-01 20:05:25,kucoin,gateio,20.639,21.48,4.07480982605747,42.050000000000054,3.1799500000000003,38.870050000000056,3.766660206405354
2025-03-01 20:05:25,kucoin,gateio,20.639,21.48,4.07480982605747,42.050000000000054,3.1799500000000003,38.870050000000056,3.766660206405354
2025-03-01 20:08:12,binance,kucoin,20.506,21.356,4.145128255144843,42.50000000000007,2.0931,40.40690000000007,3.940983126889698
2025-03-01 20:08:12,binance,kucoin,20.506,21.356,4.145128255144843,42.50000000000007,2.0931,40.40690000000007,3.940983126889698
2025-03-01 20:09:02,kucoin,gateio,20.548,21.404,4.165855557718521,42.80000000000008,3.1677999999999997,39.63220000000008,3.8575238466030846
2025-03-01 20:09:07,gateio,binance,20.656,21.493,4.052091402013942,41.84999999999999,3.14025,38.709749999999985,3.748039310611927
2025-03-01 20:09:12,gateio,kucoin,20.575,21.476,4.379100850546779,45.04999999999999,3.1313000000000004,41.91869999999999,4.0747217496962325
2025-03-01 20:09:12,gateio,kucoin,20.575,21.476,4.379100850546779,45.04999999999999,3.1313000000000004,41.91869999999999,4.0747217496962325
2025-03-01 20:09:17,kucoin,binance,20.513,21.412,4.382586652366779,44.94999999999987,2.0962500000000004,42.85374999999987,4.178204065714412
2025-03-01 20:09:47,binance,gateio,20.585,21.429,4.1000728685936245,42.19999999999988,3.1721499999999994,39.02784999999988,3.7918727228564375
2025-03-01 20:09:47,binance,gateio,20.585,21.429,4.1000728685936245,42.19999999999988,3.1721499999999994,39.02784999999988,3.7918727228564375
2025-03-01 20:18:37,gateio,kucoin,20.557,21.498,4.577516174539099,47.050000000000125,3.1306000000000003,43.919400000000124,4.27293865836456
2025-03-01 20:18:37,gateio,kucoin,20.557,21.498,4.577516174539099,47.050000000000125,3.1306000000000003,43.919400000000124,4.27293865836456
2025-03-01 20:20:32,kucoin,binance,20.502,21.352,4.145936981757885,42.50000000000007,2.0927,40.40730000000007,3.9417910447761266
2025-03-01 20:20:32,kucoin,binance,20.502,21.352,4.145936981757885,42.50000000000007,2.0927,40.40730000000007,3.9417910447761266
2025-03-01 20:21:17,binance,gateio,20.543,21.493,4.624446283405536,47.499999999999964,3.1764499999999996,44.32354999999996,4.315197390838725
2025-03-01 20:21:17,binance,gateio,20.543,21.493,4.624446283405536,47.499999999999964,3.1764499999999996,44.32354999999996,4.315197390838725
2025-03-01 20:22:12,kucoin,gateio,20.571,21.406,4.059112342618235,41.749999999999865,3.16915,38.58084999999986,3.750994117932999
2025-03-01 20:22:12,kucoin,gateio,20.571,21.406,4.059112342618235,41.749999999999865,3.16915,38.58084999999986,3.750994117932999
2025-03-01 20:23:32,binance,gateio,20.507,21.463,4.661822792217289,47.799999999999976,3.1716500000000005,44.628349999999976,4.352499146632854
2025-03-01 20:23:32,binance,gateio,20.507,21.463,4.661822792217289,47.799999999999976,3.1716500000000005,44.628349999999976,4.352499146632854
2025-03-01 20:25:22,binance,gateio,20.51,21.388,4.280838615309605,43.900000000000006,3.1643000000000003,40.73570000000001,3.972276938078987
2025-03-01 20:25:22,binance,gateio,20.51,21.388,4.280838615309605,43.900000000000006,3.1643000000000003,40.73570000000001,3.972276938078987
2025-03-01 20:46:17,kucoin,gateio,20.536,21.464,4.518893650175288,4.639999999999986,0.31732,4.322679999999987,4.209855862874938
2025-03-01 20:46:17,kucoin,gateio,20.536,21.464,4.518893650175288,4.639999999999986,0.31732,4.322679999999987,4.209855862874938
2025-03-01 20:47:02,gateio,binance,20.506,21.468,4.691309860528625,4.809999999999999,0.3124,4.4975999999999985,4.3866185506680955
2025-03-01 20:47:02,gateio,binance,20.506,21.468,4.691309860528625,4.809999999999999,0.3124,4.4975999999999985,4.3866185506680955
2025-03-01 20:47:47,kucoin,binance,20.561,21.402,4.090267983074758,4.205000000000005,0.20981500000000003,3.9951850000000055,3.8861777150916836
2025-03-01 20:47:47,kucoin,binance,20.561,21.402,4.090267983074758,4.205000000000005,0.20981500000000003,3.9951850000000055,3.8861777150916836
2025-03-01 20:48:07,gateio,kucoin,20.577,21.469,4.334937065655827,4.459999999999997,0.31311500000000003,4.1468849999999975,4.0306021285901705
2025-03-01 20:48:07,gateio,kucoin,20.577,21.469,4.334937065655827,4.459999999999997,0.31311500000000003,4.1468849999999975,4.0306021285901705
2025-03-01 20:50:33,binance,kucoin,20.521,21.46,4.575800399590664,4.695,0.209905,4.485095,4.3712245991910725
2025-03-01 20:50:58,binance,kucoin,20.527,21.488,4.6816388171676255,4.804999999999993,0.210075,4.594924999999993,4.4769571783504585
2025-03-01 20:50:58,binance,kucoin,20.527,21.488,4.6816388171676255,4.804999999999993,0.210075,4.594924999999993,4.4769571783504585
2025-03-01 20:51:58,kucoin,gateio,20.605,21.461,4.154331472943451,4.2799999999999905,0.317635,3.9623649999999904,3.8460228099975637
2025-03-01 20:51:58,kucoin,gateio,20.605,21.461,4.154331472943451,4.2799999999999905,0.317635,3.9623649999999904,3.8460228099975637
2025-03-01 20:57:03,kucoin,binance,20.559,21.443,4.29982003015711,4.420000000000002,0.21001,4.209990000000002,4.095520210126954
2025-03-01 20:57:18,gateio,binance,20.524,21.364,4.092769440654842,4.199999999999999,0.31206,3.8879399999999995,3.7886766712141875
2025-03-01 20:57:18,gateio,binance,20.524,21.364,4.092769440654842,4.199999999999999,0.31206,3.8879399999999995,3.7886766712141875
2025-03-01 20:58:03,gateio,kucoin,20.526,21.46,4.550326415278189,4.670000000000005,0.31256,4.357440000000005,4.24577608886291
2025-03-01 20:58:03,gateio,kucoin,20.526,21.46,4.550326415278189,4.670000000000005,0.31256,4.357440000000005,4.24577608886291
2025-03-01 21:00:13,binance,gateio,20.51,21.371,4.19795221843002,4.3049999999999855,0.31626,3.9887399999999857,3.8895563139931597
2025-03-01 21:00:13,binance,gateio,20.51,21.371,4.19795221843002,4.3049999999999855,0.31626,3.9887399999999857,3.8895563139931597
2025-03-01 21:08:27,binance,gateio,20.529,21.429,4.384042086804026,4.499999999999993,0.316935,4.183064999999993,4.075274002630418
2025-03-01 21:08:27,binance,gateio,20.529,21.429,4.384042086804026,4.499999999999993,0.316935,4.183064999999993,4.075274002630418
2025-03-01 21:08:57,binance,gateio,20.597,21.441,4.097684128756604,4.219999999999988,0.317395,3.9026049999999883,3.78948876049909
2025-03-01 21:08:57,binance,gateio,20.597,21.441,4.097684128756604,4.219999999999988,0.317395,3.9026049999999883,3.78948876049909
2025-03-01 21:09:22,gateio,kucoin,20.514,21.368,4.16301062688895,4.269999999999996,0.31198,3.958019999999996,3.8588476162620613
2025-03-01 21:09:22,gateio,kucoin,20.514,21.368,4.16301062688895,4.269999999999996,0.31198,3.958019999999996,3.8588476162620613
2025-03-01 21:10:07,gateio,kucoin,20.524,21.447,4.497174040148111,4.614999999999991,0.312475,4.302524999999991,4.192676866107963
2025-03-01 21:12:42,kucoin,gateio,20.533,21.425,4.344226367311155,4.459999999999997,0.316915,4.1430849999999975,4.035537914576532
2025-03-01 21:13:17,binance,gateio,20.543,21.423,4.283697609891442,4.399999999999995,0.31694500000000003,4.0830549999999945,3.9751302146716587
2025-03-01 21:13:17,binance,gateio,20.543,21.423,4.283697609891442,4.399999999999995,0.31694500000000003,4.0830549999999945,3.9751302146716587
2025-03-01 21:14:28,kucoin,binance,20.555,21.493,4.563366577475062,4.689999999999994,0.21023999999999998,4.479759999999994,4.3588032108975865
2025-03-01 21:15:53,kucoin,binance,20.537,21.489,4.635535862102555,4.760000000000009,0.21013,4.549870000000008,4.430900326240452
2025-03-01 21:15:53,kucoin,binance,20.537,21.489,4.635535862102555,4.760000000000009,0.21013,4.549870000000008,4.430900326240452
2025-03-01 21:16:18,kucoin,gateio,20.57,21.436,4.210014584346133,4.329999999999998,0.31721,4.012789999999998,3.9015945551774416
2025-03-01 21:16:18,kucoin,gateio,20.57,21.436,4.210014584346133,4.329999999999998,0.31721,4.012789999999998,3.9015945551774416
2025-03-01 21:16:23,kucoin,binance,20.581,21.495,4.440989261940633,4.570000000000007,0.21038,4.359620000000008,4.236548272678692
2025-03-01 21:17:18,kucoin,gateio,20.521,21.355,4.0641294283904275,4.169999999999998,0.316155,3.853844999999998,3.7560011695336466
2025-03-01 21:17:18,kucoin,gateio,20.521,21.355,4.0641294283904275,4.169999999999998,0.316155,3.853844999999998,3.7560011695336466
2025-03-01 21:18:48,binance,kucoin,20.534,21.356,4.003116781922678,4.110000000000014,0.20944999999999997,3.9005500000000137,3.799113665140756
2025-03-01 21:18:48,binance,kucoin,20.534,21.356,4.003116781922678,4.110000000000014,0.20944999999999997,3.9005500000000137,3.799113665140756
2025-03-01 21:19:13,gateio,kucoin,20.511,21.401,4.339135098239972,4.450000000000003,0.312115,4.1378850000000025,4.034795963141732
2025-03-01 21:19:13,gateio,kucoin,20.511,21.401,4.339135098239972,4.450000000000003,0.312115,4.1378850000000025,4.034795963141732
2025-03-01 21:19:18,gateio,binance,20.591,21.445,4.14744305764654,4.269999999999996,0.31313500000000005,3.956864999999996,3.843295614588894
2025-03-01 21:19:18,gateio,binance,20.591,21.445,4.14744305764654,4.269999999999996,0.31313500000000005,3.956864999999996,3.843295614588894
2025-03-01 21:19:43,kucoin,binance,20.523,21.482,4.672806119962967,4.794999999999998,0.21002500000000002,4.584974999999998,4.468133313843004
2025-03-01 21:19:43,kucoin,binance,20.523,21.482,4.672806119962967,4.794999999999998,0.21002500000000002,4.584974999999998,4.468133313843004
2025-03-01 21:20:08,kucoin,binance,20.605,21.494,4.314486775054595,4.444999999999997,0.210495,4.234504999999997,4.110172288279541
2025-03-01 21:20:18,binance,kucoin,20.545,21.453,4.419566804575311,4.5399999999999885,0.20999,4.330009999999988,4.2151472377707355
2025-03-01 21:20:23,binance,gateio,20.509,21.334,4.022624213759809,4.1249999999999964,0.31588499999999997,3.8091149999999967,3.71457896533229
2025-03-01 21:22:08,binance,kucoin,20.503,21.487,4.799297663756515,4.919999999999991,0.20995,4.710049999999991,4.594498366092758
2025-03-01 21:22:08,binance,kucoin,20.503,21.487,4.799297663756515,4.919999999999991,0.20995,4.710049999999991,4.594498366092758
2025-03-01 21:22:43,binance,kucoin,20.514,21.486,4.738227551915771,4.8600000000000065,0.21000000000000002,4.650000000000007,4.533489324363855
2025-03-01 21:22:43,binance,kucoin,20.514,21.486,4.738227551915771,4.8600000000000065,0.21000000000000002,4.650000000000007,4.533489324363855
2025-03-01 21:25:13,binance,gateio,20.511,21.385,4.261128175125553,4.370000000000012,0.31640500000000005,4.053595000000012,3.952605918775303
2025-03-01 21:25:13,binance,gateio,20.511,21.385,4.261128175125553,4.370000000000012,0.31640500000000005,4.053595000000012,3.952605918775303
2025-03-01 21:25:48,kucoin,binance,20.508,21.364,4.173980885508103,4.280000000000008,0.20936,4.070640000000008,3.9698069046225943
2025-03-01 21:25:48,kucoin,binance,20.508,21.364,4.173980885508103,4.280000000000008,0.20936,4.070640000000008,3.9698069046225943
2025-03-01 21:26:58,gateio,binance,20.561,21.469,4.41612762025194,4.540000000000006,0.312955,4.227045000000007,4.111711492631687
2025-03-01 21:26:58,gateio,binance,20.561,21.469,4.41612762025194,4.540000000000006,0.312955,4.227045000000007,4.111711492631687
2025-03-01 21:29:06,gateio,kucoin,20.6,21.493,4.334951456310666,44.64999999999986,3.1346499999999997,41.515349999999856,4.030616504854355
2025-03-01 21:29:06,gateio,kucoin,20.6,21.493,4.334951456310666,44.64999999999986,3.1346499999999997,41.515349999999856,4.030616504854355
2025-03-01 21:29:11,binance,gateio,20.568,21.455,4.3125243096071415,44.349999999999845,3.1739000000000006,41.17609999999984,4.003899260987927
2025-03-01 21:29:11,binance,gateio,20.568,21.455,4.3125243096071415,44.349999999999845,3.1739000000000006,41.17609999999984,4.003899260987927
2025-03-01 21:29:41,binance,kucoin,20.568,21.483,4.448658109684943,45.74999999999996,2.1025500000000004,43.64744999999996,4.244209451575258
2025-03-01 21:29:41,binance,kucoin,20.568,21.483,4.448658109684943,45.74999999999996,2.1025500000000004,43.64744999999996,4.244209451575258
2025-03-01 21:31:26,binance,kucoin,20.554,21.41,4.1646394862313985,42.80000000000008,2.0982,40.701800000000084,3.960474846745168
2025-03-01 21:33:06,kucoin,gateio,20.615,21.475,4.171719621634747,43.00000000000015,3.1782500000000002,39.82175000000015,3.863376182391477
2025-03-01 21:33:06,kucoin,gateio,20.615,21.475,4.171719621634747,43.00000000000015,3.1782500000000002,39.82175000000015,3.863376182391477
2025-03-01 21:34:11,gateio,kucoin,20.516,21.396,4.28933515305129,44.00000000000013,3.1214000000000004,40.87860000000013,3.9850458178982384
2025-03-01 21:34:11,gateio,kucoin,20.516,21.396,4.28933515305129,44.00000000000013,3.1214000000000004,40.87860000000013,3.9850458178982384
2025-03-01 21:35:36,binance,gateio,20.574,21.426,4.14114902303877,42.59999999999984,3.1713,39.428699999999836,3.832866724992693
2025-03-01 21:35:36,binance,gateio,20.574,21.426,4.14114902303877,42.59999999999984,3.1713,39.428699999999836,3.832866724992693
2025-03-01 21:35:46,binance,kucoin,20.555,21.45,4.354171734371197,44.74999999999998,2.10025,42.649749999999976,4.149817562636826
2025-03-01 21:35:46,binance,kucoin,20.555,21.45,4.354171734371197,44.74999999999998,2.10025,42.649749999999976,4.149817562636826
2025-03-01 21:36:31,binance,gateio,20.528,21.46,4.540140296180837,46.60000000000011,3.1723999999999997,43.42760000000011,4.231060015588476
2025-03-01 21:36:31,binance,gateio,20.528,21.46,4.540140296180837,46.60000000000011,3.1723999999999997,43.42760000000011,4.231060015588476
2025-03-01 21:36:36,kucoin,gateio,20.539,21.411,4.245581576512975,43.599999999999994,3.16805,40.43194999999999,3.9370904133599485
2025-03-01 21:36:36,kucoin,gateio,20.539,21.411,4.245581576512975,43.599999999999994,3.16805,40.43194999999999,3.9370904133599485
2025-03-01 21:36:41,binance,gateio,20.633,21.463,4.022682111181126,41.50000000000009,3.17795,38.32205000000009,3.7146367469587647
2025-03-01 21:36:41,binance,gateio,20.633,21.463,4.022682111181126,41.50000000000009,3.17795,38.32205000000009,3.7146367469587647
2025-03-01 21:37:11,kucoin,gateio,20.521,21.385,4.210321134447643,43.20000000000004,3.16455,40.03545000000004,3.9019004921787475
2025-03-01 21:37:11,kucoin,gateio,20.521,21.385,4.210321134447643,43.20000000000004,3.16455,40.03545000000004,3.9019004921787475
2025-03-01 21:39:01,binance,kucoin,20.626,21.486,4.16949481237273,42.99999999999997,2.1056,40.89439999999997,3.965325317560358
2025-03-01 21:39:42,kucoin,gateio,20.506,21.43,4.505998244416266,46.199999999999974,3.1683000000000003,43.03169999999997,4.196986247927433
2025-03-01 21:39:42,kucoin,gateio,20.506,21.43,4.505998244416266,46.199999999999974,3.1683000000000003,43.03169999999997,4.196986247927433
2025-03-01 21:41:02,kucoin,binance,20.55,21.433,4.296836982968365,44.149999999999956,2.0991500000000003,42.050849999999954,4.092540145985397
2025-03-01 21:42:52,kucoin,binance,20.553,21.471,4.466501240694785,45.89999999999996,2.1012000000000004,43.798799999999964,4.262034739454091
2025-03-01 21:42:52,kucoin,binance,20.553,21.471,4.466501240694785,45.89999999999996,2.1012000000000004,43.798799999999964,4.262034739454091
2025-03-01 21:43:47,kucoin,binance,20.616,21.491,4.244276290259992,43.75,2.1053499999999996,41.64465,4.040032013969732
2025-03-01 21:43:47,kucoin,binance,20.616,21.491,4.244276290259992,43.75,2.1053499999999996,41.64465,4.040032013969732
2025-03-01 21:45:12,kucoin,binance,20.536,21.44,4.40202571094663,45.199999999999996,2.0988,43.1012,4.197623685235683
2025-03-01 21:46:42,binance,gateio,20.609,21.46,4.129263913824053,42.549999999999955,3.17645,39.37354999999995,3.8210053859964046
2025-03-01 21:46:42,binance,gateio,20.609,21.46,4.129263913824053,42.549999999999955,3.17645,39.37354999999995,3.8210053859964046
2025-03-01 21:47:07,gateio,kucoin,20.59,21.414,4.001942690626525,41.20000000000008,3.1297,38.07030000000008,3.697940747935899
2025-03-01 21:47:07,gateio,kucoin,20.59,21.414,4.001942690626525,41.20000000000008,3.1297,38.07030000000008,3.697940747935899
2025-03-01 21:48:07,gateio,binance,20.544,21.432,4.322429906542046,44.399999999999906,3.1260000000000003,41.27399999999991,4.018107476635505
2025-03-01 21:48:07,gateio,binance,20.544,21.432,4.322429906542046,44.399999999999906,3.1260000000000003,41.27399999999991,4.018107476635505
2025-03-01 21:48:12,gateio,binance,20.585,21.458,4.2409521496235,43.64999999999988,3.1314,40.51859999999988,3.936711197473877
2025-03-01 21:50:52,binance,gateio,20.579,21.431,4.140142864084749,42.600000000000016,3.17205,39.42795000000002,3.8318625783565783
2025-03-01 21:51:17,gateio,kucoin,20.505,21.455,4.633016337478661,47.499999999999964,3.12325,44.376749999999966,4.328383321141182
2025-03-01 21:51:17,gateio,kucoin,20.505,21.455,4.633016337478661,47.499999999999964,3.12325,44.376749999999966,4.328383321141182
2025-03-01 21:54:57,binance,kucoin,20.633,21.49,4.153540444918331,42.849999999999966,2.10615,40.743849999999966,3.9493869044734136
2025-03-01 21:55:52,binance,gateio,20.515,21.408,4.3529125030465545,44.650000000000034,3.16655,41.48345000000003,4.044206678040461
2025-03-01 21:55:52,binance,gateio,20.515,21.408,4.3529125030465545,44.650000000000034,3.16655,41.48345000000003,4.044206678040461
2025-03-01 21:56:07,gateio,binance,20.566,21.428,4.1913838374015455,43.100000000000094,3.128,39.972000000000094,3.8871924535641442
2025-03-01 21:56:07,gateio,binance,20.566,21.428,4.1913838374015455,43.100000000000094,3.128,39.972000000000094,3.8871924535641442
2025-03-01 21:56:37,kucoin,gateio,20.512,21.475,4.694812792511705,48.15000000000005,3.1731,44.97690000000005,4.3854231669266825
2025-03-01 21:56:37,kucoin,gateio,20.512,21.475,4.694812792511705,48.15000000000005,3.1731,44.97690000000005,4.3854231669266825
2025-03-01 21:58:27,kucoin,binance,20.573,21.444,4.233704369805078,43.54999999999993,2.1008500000000003,41.44914999999993,4.029470665435272
2025-03-01 21:58:27,kucoin,binance,20.573,21.444,4.233704369805078,43.54999999999993,2.1008500000000003,41.44914999999993,4.029470665435272
2025-03-01 22:00:43,kucoin,binance,20.516,21.349,4.060245661922412,41.6500000000001,2.0932500000000003,39.5567500000001,3.8561854162604896
2025-03-01 22:00:43,kucoin,binance,20.516,21.349,4.060245661922412,41.6500000000001,2.0932500000000003,39.5567500000001,3.8561854162604896
2025-03-01 22:00:58,gateio,kucoin,20.545,21.486,4.580189827208561,47.04999999999995,3.1288,43.92119999999995,4.275609637381353
2025-03-01 22:01:13,gateio,kucoin,20.571,21.476,4.3993972096640785,45.24999999999988,3.1309000000000005,42.119099999999875,4.094997812454413
2025-03-01 22:01:13,gateio,kucoin,20.571,21.476,4.3993972096640785,45.24999999999988,3.1309000000000005,42.119099999999875,4.094997812454413
2025-03-01 22:03:18,kucoin,binance,20.55,21.435,4.306569343065684,44.2499999999999,2.09925,42.1507499999999,4.102262773722618
2025-03-01 22:03:18,kucoin,binance,20.55,21.435,4.306569343065684,44.2499999999999,2.09925,42.1507499999999,4.102262773722618
2025-03-01 22:03:53,binance,kucoin,20.577,21.47,4.339796860572469,44.64999999999986,2.1023500000000004,42.547649999999855,4.135457063711897
2025-03-01 22:03:53,binance,kucoin,20.577,21.47,4.339796860572469,44.64999999999986,2.1023500000000004,42.547649999999855,4.135457063711897
2025-03-01 22:04:33,binance,kucoin,20.563,21.455,4.337888440402662,44.59999999999997,2.1009,42.49909999999997,4.1335505519622595
2025-03-01 22:05:13,binance,gateio,20.584,21.476,4.333462883793235,44.59999999999997,3.1768,41.42319999999997,4.024795958025648
2025-03-01 22:05:13,binance,gateio,20.584,21.476,4.333462883793235,44.59999999999997,3.1768,41.42319999999997,4.024795958025648
2025-03-01 22:05:23,binance,kucoin,20.55,21.463,4.442822384428225,45.65000000000001,2.10065,43.54935000000001,4.2383795620437965
2025-03-01 22:05:23,binance,kucoin,20.55,21.463,4.442822384428225,45.65000000000001,2.10065,43.54935000000001,4.2383795620437965
2025-03-01 22:05:33,binance,gateio,20.602,21.477,4.247160469857295,43.75,3.1778,40.5722,3.9386661489175814
2025-03-01 22:05:33,binance,gateio,20.602,21.477,4.247160469857295,43.75,3.1778,40.5722,3.9386661489175814
2025-03-01 22:05:48,gateio,kucoin,20.511,21.482,4.7340451465067535,48.550000000000004,3.1251999999999995,45.424800000000005,4.429311101360247
2025-03-01 22:05:48,gateio,kucoin,20.511,21.482,4.7340451465067535,48.550000000000004,3.1251999999999995,45.424800000000005,4.429311101360247
2025-03-01 22:05:53,binance,gateio,20.555,21.394,4.081731938701039,41.94999999999993,3.1671499999999995,38.78284999999993,3.7735684748236373
2025-03-01 22:07:33,binance,kucoin,20.506,21.492,4.808348775968012,49.30000000000003,2.0999,47.200100000000035,4.603540427192045
2025-03-01 22:07:33,binance,kucoin,20.506,21.492,4.808348775968012,49.30000000000003,2.0999,47.200100000000035,4.603540427192045
2025-03-01 22:07:43,kucoin,binance,20.502,21.483,4.784899034240571,49.05000000000008,2.09925,46.950750000000085,4.58011413520633
2025-03-01 22:08:03,binance,gateio,20.583,21.407,4.003303697225874,41.20000000000008,3.1698499999999994,38.030150000000084,3.6952970898314232
2025-03-01 22:08:03,binance,gateio,20.583,21.407,4.003303697225874,41.20000000000008,3.1698499999999994,38.030150000000084,3.6952970898314232
2025-03-01 22:08:38,gateio,binance,20.532,21.476,4.597701149425283,47.19999999999995,3.127,44.07299999999995,4.293103448275858
2025-03-01 22:08:38,gateio,binance,20.532,21.476,4.597701149425283,47.19999999999995,3.127,44.07299999999995,4.293103448275858
2025-03-01 22:09:48,gateio,binance,20.555,21.498,4.587691559231337,47.15000000000007,3.1304,44.01960000000007,4.283103867672105
2025-03-01 22:09:48,gateio,binance,20.555,21.498,4.587691559231337,47.15000000000007,3.1304,44.01960000000007,4.283103867672105
2025-03-01 22:11:43,gateio,kucoin,20.583,21.446,4.192780449885843,43.150000000000155,3.1306,40.019400000000154,3.8885876694359576
2025-03-01 22:11:43,gateio,kucoin,20.583,21.446,4.192780449885843,43.150000000000155,3.1306,40.019400000000154,3.8885876694359576
2025-03-01 22:12:54,kucoin,binance,20.552,21.391,4.082327753989873,41.94999999999993,2.09715,39.85284999999993,3.878245426235883
2025-03-01 22:13:29,gateio,kucoin,20.563,21.418,4.157953605991346,42.75000000000002,3.1271999999999998,39.62280000000002,3.853795652385355
2025-03-01 22:13:29,gateio,kucoin,20.563,21.418,4.157953605991346,42.75000000000002,3.1271999999999998,39.62280000000002,3.853795652385355
2025-03-01 22:13:44,binance,gateio,20.629,21.49,4.173736002714611,43.049999999999855,3.18045,39.869549999999855,3.8653885307091818
2025-03-01 22:13:44,binance,gateio,20.629,21.49,4.173736002714611,43.049999999999855,3.18045,39.869549999999855,3.8653885307091818
2025-03-01 22:15:14,gateio,kucoin,20.541,21.442,4.386349252714083,45.04999999999999,3.1262,41.92379999999999,4.08196290346137
2025-03-01 22:15:14,gateio,kucoin,20.541,21.442,4.386349252714083,45.04999999999999,3.1262,41.92379999999999,4.08196290346137
2025-03-01 22:15:24,binance,kucoin,20.578,21.45,4.237535231800952,43.599999999999994,2.1014,41.498599999999996,4.033297696569152
2025-03-01 22:15:24,binance,kucoin,20.578,21.45,4.237535231800952,43.599999999999994,2.1014,41.498599999999996,4.033297696569152
2025-03-01 22:15:34,kucoin,binance,20.555,21.388,4.0525419605935395,41.6500000000001,2.09715,39.5528500000001,3.848489418632946
2025-03-01 22:16:09,gateio,binance,20.516,21.447,4.537921622148572,46.55000000000005,3.12395,43.426050000000046,4.233383700526423
2025-03-01 22:47:02,kucoin,binance,20.564,21.393,4.031316864423267,41.45000000000003,2.09785,39.35215000000003,3.827285547558843
2025-03-01 22:47:07,gateio,binance,20.506,21.441,4.559641080659313,46.749999999999936,3.1226499999999997,43.627349999999936,4.255081439578654
2025-03-01 22:47:07,gateio,binance,20.506,21.441,4.559641080659313,46.749999999999936,3.1226499999999997,43.627349999999936,4.255081439578654
2025-03-01 22:47:52,gateio,kucoin,20.51,21.423,4.451487079473411,45.649999999999835,3.12215,42.52784999999984,4.147035592393938
2025-03-01 22:47:52,gateio,kucoin,20.51,21.423,4.451487079473411,45.649999999999835,3.12215,42.52784999999984,4.147035592393938
2025-03-01 22:48:17,kucoin,gateio,20.516,21.453,4.567167089101195,46.85000000000006,3.1711,43.678900000000056,4.258032754922993
2025-03-01 22:48:17,kucoin,gateio,20.516,21.453,4.567167089101195,46.85000000000006,3.1711,43.678900000000056,4.258032754922993
2025-03-01 22:48:32,kucoin,binance,20.503,21.329,4.028678729941962,41.300000000000026,2.0916,39.208400000000026,3.8246500512120196
2025-03-01 22:48:32,kucoin,binance,20.503,21.329,4.028678729941962,41.300000000000026,2.0916,39.208400000000026,3.8246500512120196
2025-03-01 22:49:12,binance,gateio,20.518,21.499,4.7811677551418175,49.049999999999905,3.1758,45.8741999999999,4.471605419631533
2025-03-01 22:49:12,binance,gateio,20.518,21.499,4.7811677551418175,49.049999999999905,3.1758,45.8741999999999,4.471605419631533
2025-03-01 22:52:07,kucoin,binance,20.581,21.452,4.232058694912794,43.55000000000011,2.1016500000000002,41.44835000000011,4.027826636217882
2025-03-01 22:52:07,kucoin,binance,20.581,21.452,4.232058694912794,43.55000000000011,2.1016500000000002,41.44835000000011,4.027826636217882
2025-03-01 22:52:17,kucoin,gateio,20.521,21.403,4.298036158081954,44.099999999999895,3.1663499999999996,40.93364999999989,3.9894400857657906
2025-03-01 22:52:17,kucoin,gateio,20.521,21.403,4.298036158081954,44.099999999999895,3.1663499999999996,40.93364999999989,3.9894400857657906
2025-03-01 22:54:37,kucoin,gateio,20.546,21.385,4.083519906551164,41.95000000000011,3.1658,38.78420000000011,3.7753528667380625
2025-03-01 22:54:37,kucoin,gateio,20.546,21.385,4.083519906551164,41.95000000000011,3.1658,38.78420000000011,3.7753528667380625
2025-03-01 23:00:13,gateio,kucoin,20.549,21.392,4.102389410676918,42.15,3.1245,39.0255,3.798287021266242
2025-03-01 23:00:13,gateio,kucoin,20.549,21.392,4.102389410676918,42.15,3.1245,39.0255,3.798287021266242
2025-03-01 23:00:28,gateio,binance,20.614,21.494,4.268943436499462,43.99999999999995,3.1361000000000003,40.86389999999995,3.964674493062962
2025-03-01 23:00:53,binance,gateio,20.511,21.426,4.461020915606256,45.74999999999996,3.16815,42.58184999999996,4.152098873775044
2025-03-01 23:01:18,binance,kucoin,20.531,21.372,4.096244703131855,42.050000000000054,2.0951500000000003,39.95485000000005,3.8921484584287227
2025-03-01 23:01:28,gateio,binance,20.584,21.448,4.197434900893902,43.20000000000004,3.1308000000000002,40.06920000000004,3.8932374659930074
2025-03-01 23:01:28,gateio,binance,20.584,21.448,4.197434900893902,43.20000000000004,3.1308000000000002,40.06920000000004,3.8932374659930074
2025-03-01 23:01:53,gateio,binance,20.58,21.451,4.232264334305161,43.55000000000011,3.1305499999999995,40.41945000000011,3.928032069970856
2025-03-01 23:01:58,binance,gateio,20.54,21.449,4.425511197663109,45.450000000000124,3.1719,42.27810000000012,4.116660175267782
2025-03-01 23:01:58,binance,gateio,20.54,21.449,4.425511197663109,45.450000000000124,3.1719,42.27810000000012,4.116660175267782
2025-03-01 23:02:03,gateio,kucoin,20.512,21.451,4.577808112324493,46.95,3.1237499999999994,43.82625,4.273230304212169
2025-03-01 23:02:03,gateio,kucoin,20.512,21.451,4.577808112324493,46.95,3.1237499999999994,43.82625,4.273230304212169
2025-03-01 23:03:28,binance,gateio,20.609,21.49,4.274831384346628,44.049999999999834,3.17945,40.87054999999983,3.9662817215779347
2025-03-01 23:03:28,binance,gateio,20.609,21.49,4.274831384346628,44.049999999999834,3.17945,40.87054999999983,3.9662817215779347
2025-03-01 23:04:48,gateio,binance,20.541,21.477,4.556740178180225,46.8,3.1279500000000002,43.67205,4.252183438002045
2025-03-01 23:04:48,gateio,binance,20.541,21.477,4.556740178180225,46.8,3.1279500000000002,43.67205,4.252183438002045
2025-03-01 23:05:08,gateio,binance,20.594,21.477,4.2876565990094155,44.149999999999956,3.1332500000000003,41.01674999999996,3.983368942410407
2025-03-01 23:05:08,gateio,binance,20.594,21.477,4.2876565990094155,44.149999999999956,3.1332500000000003,41.01674999999996,3.983368942410407
2025-03-01 23:05:48,kucoin,binance,20.535,21.387,4.1490138787436095,42.600000000000016,2.0961,40.503900000000016,3.9448648648648668
2025-03-01 23:06:13,gateio,kucoin,20.525,21.407,4.2971985383678515,44.10000000000007,3.12285,40.97715000000007,3.9929013398294835
2025-03-01 23:06:13,gateio,kucoin,20.525,21.407,4.2971985383678515,44.10000000000007,3.12285,40.97715000000007,3.9929013398294835
2025-03-01 23:07:53,gateio,binance,20.58,21.408,4.023323615160365,41.40000000000015,3.1284,38.27160000000015,3.7193002915452036
2025-03-01 23:07:53,gateio,binance,20.58,21.408,4.023323615160365,41.40000000000015,3.1284,38.27160000000015,3.7193002915452036
2025-03-01 23:08:03,binance,kucoin,20.627,21.473,4.101420468318224,42.300000000000004,2.105,40.19500000000001,3.8973190478499067
2025-03-01 23:08:18,gateio,binance,20.519,21.387,4.230225644524597,43.400000000000105,3.12125,40.2787500000001,3.925995418880073
2025-03-01 23:08:18,gateio,binance,20.519,21.387,4.230225644524597,43.400000000000105,3.12125,40.2787500000001,3.925995418880073
2025-03-01 23:09:13,binance,gateio,20.611,21.474,4.187084566493617,43.14999999999998,3.17795,39.972049999999975,3.8787103973606305
2025-03-01 23:09:13,binance,gateio,20.611,21.474,4.187084566493617,43.14999999999998,3.17795,39.972049999999975,3.8787103973606305
2025-03-01 23:09:43,gateio,kucoin,20.634,21.5,4.19695647959678,43.29999999999998,3.1384,40.161599999999986,3.892759523117183
2025-03-01 23:10:38,gateio,kucoin,20.643,21.481,4.059487477595315,41.90000000000005,3.1383500000000004,38.761650000000046,3.75542799011772
2025-03-01 23:10:38,gateio,kucoin,20.643,21.481,4.059487477595315,41.90000000000005,3.1383500000000004,38.761650000000046,3.75542799011772
2025-03-01 23:11:39,binance,kucoin,20.532,21.355,4.008377167348531,41.15000000000002,2.09435,39.05565000000002,3.8043687901811833
2025-03-01 23:11:39,binance,kucoin,20.532,21.355,4.008377167348531,41.15000000000002,2.09435,39.05565000000002,3.8043687901811833
2025-03-01 23:15:59,kucoin,gateio,20.557,21.445,4.319696453762717,44.400000000000084,3.17235,41.22765000000008,4.011057060855191
2025-03-01 23:17:39,kucoin,gateio,20.504,21.435,4.5405774483027574,46.54999999999987,3.1687000000000003,43.38129999999987,4.231496293406152
2025-03-01 23:17:39,kucoin,gateio,20.504,21.435,4.5405774483027574,46.54999999999987,3.1687000000000003,43.38129999999987,4.231496293406152
2025-03-01 23:19:39,gateio,binance,20.51,21.372,4.202827888834706,43.099999999999916,3.1196,39.98039999999992,3.898625060945872
2025-03-01 23:20:14,binance,gateio,20.612,21.449,4.060741315738421,41.850000000000165,3.1755000000000004,38.674500000000165,3.7526198331069445
2025-03-01 23:20:14,binance,gateio,20.612,21.449,4.060741315738421,41.850000000000165,3.1755000000000004,38.674500000000165,3.7526198331069445
2025-03-01 23:21:49,binance,kucoin,20.613,21.461,4.113908698394212,42.39999999999995,2.1037,40.296299999999945,3.9097947896958174
2025-03-01 23:23:04,kucoin,binance,20.506,21.391,4.3158100068272605,44.2499999999999,2.09485,42.1551499999999,4.111494196820433
2025-03-01 23:23:04,kucoin,binance,20.506,21.391,4.3158100068272605,44.2499999999999,2.09485,42.1551499999999,4.111494196820433
2025-03-01 23:24:04,binance,kucoin,20.547,21.44,4.346133255463088,44.650000000000034,2.0993500000000003,42.55065000000003,4.141787122207624
2025-03-01 23:24:04,binance,kucoin,20.547,21.44,4.346133255463088,44.650000000000034,2.0993500000000003,42.55065000000003,4.141787122207624
2025-03-01 23:25:14,binance,gateio,20.586,21.41,4.00272029534636,41.20000000000008,3.1703,38.02970000000008,3.6947148547556674
2025-03-01 23:25:14,binance,gateio,20.586,21.41,4.00272029534636,41.20000000000008,3.1703,38.02970000000008,3.6947148547556674
2025-03-01 23:26:24,kucoin,gateio,20.525,21.4,4.263093788063338,43.75,3.1662500000000002,40.58375,3.954567600487211
2025-03-01 23:26:24,kucoin,gateio,20.525,21.4,4.263093788063338,43.75,3.1662500000000002,40.58375,3.954567600487211
2025-03-01 23:42:53,kucoin,gateio,20.511,21.35,4.090488030812745,41.95000000000011,3.16055,38.78945000000011,3.7823070547511195
2025-03-01 23:42:53,kucoin,gateio,20.511,21.35,4.090488030812745,41.95000000000011,3.16055,38.78945000000011,3.7823070547511195
2025-03-01 23:43:36,gateio,kucoin,20.551,21.457,4.408544596370018,45.30000000000012,3.1279500000000002,42.17205000000012,4.104136051773648
2025-03-01 23:43:37,gateio,kucoin,20.551,21.457,4.408544596370018,45.30000000000012,3.1279500000000002,42.17205000000012,4.104136051773648
2025-03-02 00:17:33,binance,kucoin,20.539,21.479,4.576659038901591,46.999999999999886,2.1009,44.89909999999988,4.372082379862689
2025-03-02 00:17:33,binance,kucoin,20.539,21.479,4.576659038901591,46.999999999999886,2.1009,44.89909999999988,4.372082379862689
2025-03-02 00:33:46,binance,kucoin,20.522,21.434,4.444011304941052,45.60000000000013,2.0978000000000003,43.50220000000013,4.239567293636111
2025-03-02 00:33:46,binance,kucoin,20.522,21.434,4.444011304941052,45.60000000000013,2.0978000000000003,43.50220000000013,4.239567293636111
2025-03-02 00:50:42,kucoin,gateio,20.52,21.488,4.717348927875244,48.4,3.1748000000000003,45.2252,4.407914230019493
2025-03-02 00:50:42,kucoin,gateio,20.52,21.488,4.717348927875244,48.4,3.1748000000000003,45.2252,4.407914230019493
2025-03-02 01:08:56,kucoin,gateio,20.518,21.37,4.152451505994738,42.600000000000016,3.1629,39.437100000000015,3.844146602982748
2025-03-02 01:08:56,kucoin,gateio,20.518,21.37,4.152451505994738,42.600000000000016,3.1629,39.437100000000015,3.844146602982748
2025-03-02 01:10:09,binance,kucoin,20.561,21.418,4.16808520986333,42.849999999999966,2.09895,40.751049999999964,3.963917124653467
2025-03-02 01:10:09,binance,kucoin,20.561,21.418,4.16808520986333,42.849999999999966,2.09895,40.751049999999964,3.963917124653467
2025-03-02 01:11:03,binance,gateio,20.53,21.458,4.520214320506563,46.399999999999864,3.1723,43.227699999999864,4.211173891865549
2025-03-02 01:13:40,gateio,binance,20.544,21.411,4.220210280373836,43.350000000000044,3.12495,40.225050000000046,3.915990070093462
2025-03-02 01:13:40,gateio,binance,20.544,21.411,4.220210280373836,43.350000000000044,3.12495,40.225050000000046,3.915990070093462
